cus,cus_code,date,mc_type,mon_axis,税收增长率,一般贸易空间价格指数-进口,一般贸易空间价格指数-出口,料件进口空间价格指数-进口,成品料件内销空间价格指数-进口,偏低价格记录比重-进口,偏高价格记录比重-出口,保税物流空间价格指数-进口,保税物流空间价格指数-出口,报核及时率,结案及时率,加工贸易企业增值率指数,加工贸易企业物化率指数,加工贸易企业生产平稳度-进口,加工贸易企业生产平稳度-出口,单耗水平(数量),单耗水平(重量),报关单查验率,报关单查验率-进口,报关单查验率-出口,报关单查验率-特殊,报关单查验率-口岸,重点查验企业有效率,重点查验企业有效率-进口,重点查验企业有效率-出口,一般信用企业查验率离散度,一般信用企业查验率离散度-进口,一般信用企业查验率离散度-出口,主动查验有效性-进口,主动查验有效性-出口,分类通关参数有效性-进口,分类通关参数有效性-出口,24小时通关率-进口,24小时通关率-出口,无纸化报关单比重,一体化企业占比,一体化单量占比,通关一体化.业务量规模.企业数-申报地海关-进出口A-T.合计,通关一体化.业务量规模.企业数-申报地海关-进出口A-C.转关,通关一体化.业务量规模.企业数-申报地海关-进出口A-E.区域通关一体化,通关一体化.业务量规模.企业数-申报地海关-进出口A-F.口岸清关,通关一体化.业务量规模.报关单量-申报地海关-进出口A-T.合计,通关一体化.业务量规模.报关单量-申报地海关-进出口A-C.转关,通关一体化.业务量规模.报关单量-申报地海关-进出口A-E.区域通关一体化,通关一体化.业务量规模.报关单量-申报地海关-进出口A-F.口岸清关,一体化归类集中度-进口,报关单查获率,报关单查获率-进口,报关单查获率-出口
指标说明,N,N,N,N,,,,,,,,,,,,,,,,,,,,,,,,,,,,,,,,,,,,,,,,,,,,,,,,,
指标分类,N,N,N,N,税收,价格,价格,价格,价格,价格,价格,价格,价格,加工贸易,加工贸易,加工贸易,加工贸易,加工贸易,加工贸易,加工贸易,加工贸易,监管查验,监管查验,监管查验,监管查验,监管查验,监管查验,监管查验,监管查验,监管查验,监管查验,监管查验,监管查验,监管查验,通关效率,通关效率,通关效率,通关效率,通关效率,一体化,一体化,一体化,一体化,一体化,一体化,一体化,一体化,一体化,一体化,一体化,监管查验,监管查验,监管查验
指标类型,N,N,N,N,正向,趋中,趋中,趋中,趋中,逆向,逆向,趋中,趋中,正向,正向,正向,正向,逆向,逆向,,,,逆向,逆向,,,正向,正向,正向,逆向,逆向,逆向,正向,正向,正向,正向,正向,正向,正向,,,,,,,,,,,,,,
指标评价60L,N,N,N,N,0,70,70,70,70,,,70,70,70,70,80,80,,,,,,,,,,20,20,20,,,,1,1,1,1,60,90,90,,,,,,,,,,,,,,
指标评价100L,N,N,N,N,11,98,95,98,98,,,98,98,98,98,110,105,,,,,,,,,,60,60,60,,,,2,2,2,2,80,95,95,,,,,,,,,,,,,,
指标评价100H,N,N,N,N,,105,102,102,102,1,1,102,102,,,,,95,95,,,,6,2,,,,,,75,75,75,,,,,,,,,,,,,,,,,,,,,
指标评价60H,N,N,N,N,,130,130,130,130,3,3,130,130,,,,,110,110,,,,6.5,2.5,,,,,,240,240,240,,,,,,,,,,,,,,,,,,,,,
全国,142,201701,m,1701,48.62,100,100,100,100,1.2,0.37,100,100,99.16,99.2,100,100,100,100,96.97,98.66,2.27,4.7,1.47,1.4,2.42,38.9,36.39,42.6,159.13,141.71,164.28,1.4,1.79,1.4,1.21,80.21,99,96.36,6.17,4.37,264592,56057,16336,253969,6042535,650161,264073,5128300,0.9,9.6,8.18,11.1
全国,142,201702,m,1702,41.27,100,100,100,100,1.16,0.32,100,100,99.03,99.48,100,100,100,100,96.02,95.56,2.89,4.95,1.8,1.84,3.14,33.14,32.01,36.72,153.13,132.56,178.89,1.16,1.29,1.48,1.43,81.15,98.86,95.87,5.96,4.67,228770,45097,13637,217696,4457778,510105,208272,3739400,0.9,7.53,6.46,9.08
全国,142,201703,m,1703,31.78,100,100,100,100,1.15,0.32,100,100,99.15,99.39,100,100,100,100,94.97,95.85,2.82,5.21,1.83,2.08,2.97,37.48,36.39,39.08,139.74,122.95,150.82,1.6,1.58,1,1.37,81.65,98.95,96.29,6.41,4.72,265990,57121,17040,255356,6714729,740527,316609,5657593,0.9,8.74,7.14,10.62
全国,142,201704,m,1704,23.14,100,100,100,100,1.1,0.31,100,100,99.21,99.31,100,100,100,100,95.91,95.98,2.55,4.95,1.67,1.93,2.66,34.57,36.42,35.5,149.68,133.61,156.97,1.69,1.66,1.1,1.11,82.21,98.95,96.68,6.45,4.72,267880,57676,17276,256929,6343093,682525,299265,5361299,0.9,9.38,7.26,11.7
全国,142,201705,m,1705,24.57,100,100,100,100,1.07,0.29,100,100,99.15,99.25,100,100,100,100,97.08,99.99,2.69,5.22,1.73,2.07,2.8,36.31,38.19,36.9,146.65,125.64,156.77,1.52,1.5,0.93,1.17,82.7,99.03,96.73,6.79,4.72,273160,59340,18559,262074,6689907,712702,316034,5661171,0.9,8.98,7.32,10.87
京津冀一体,JJJ,201701,m,1701,38.52,100.19,94.8,91.5,99.79,1.35,0.23,107.49,105.04,99.24,100,118.04,105.95,107.94,108.74,98.79,106.24,2.68,4.67,1.41,2.38,2.71,40.95,38.03,37.5,185.79,131.96,238.92,0.89,0.93,0.84,1.29,73.2,98.76,94.1,4.37,3.29,32309,1938,1413,31476,331482,11897,10890,308695,0.94,9.28,8.39,11.18
京津冀一体,JJJ,201702,m,1702,47.18,99.72,96.22,88.64,94.63,1.4,0.25,102.32,95.62,100,100,117.35,101.93,107.42,109.02,92.55,96.91,3.04,4.51,1.75,2.29,3.11,35.64,37.66,41.18,161.27,123.56,217.14,1.11,999,0.77,0,80.61,98.63,94.7,4.81,3.86,27321,1645,1315,26572,284137,11668,10974,261495,0.96,7.3,7.03,7.91
京津冀一体,JJJ,201703,m,1703,24.56,100.41,95.37,89.7,95.94,1.32,0.24,105.83,109.32,97.51,99.44,115.45,101.12,107.66,109.83,78.64,98.81,3.47,5.8,1.79,2.45,3.55,46.79,45.13,50,156.58,113.4,204.09,1.1,1.19,0.79,1.04,79.95,98.55,94.98,4.25,3.53,34095,2045,1449,33349,387655,14307,13680,359668,0.96,7.88,7.27,9.31
京津冀一体,JJJ,201704,m,1704,17.17,100.19,94.82,89.45,99.88,1.23,0.25,106.27,111.49,97.91,99.65,116.45,102.22,107.77,107.94,82.29,90.15,3.19,5.55,1.71,2.23,3.26,43.55,39.74,51.61,171.3,125.46,212.99,1.89,1.72,0.71,0.52,79.15,98.57,95.1,4.21,3.48,34148,1958,1439,33338,357624,12098,12436,333090,0.96,8.8,7.8,10.83
京津冀一体,JJJ,201705,m,1705,24.53,99.13,94.74,87.33,107.87,1.25,0.24,103.5,110.43,96.69,99.81,119.58,106.31,107.88,108.46,94.5,193.31,3.13,5.51,1.5,2.56,3.18,44.96,46.34,34.48,180.52,129.43,234.02,1.74,0.89,0.43,0.92,76.64,98.75,93.95,4.44,3.66,34005,1945,1510,33210,363297,13063,13296,336938,0.96,9.13,8.15,11.57
丝绸之路,SC,201701,m,1701,57.62,98.2,93.66,116.42,96.39,1.66,0.33,102.87,105.22,99.51,99.63,96.9,99.23,103.37,104.54,97.63,97.58,3.11,10.33,1.4,1.78,3.3,11.5,6.19,26.67,225.02,178.21,242.55,0.59,0.92,2.41,1.92,78.92,99.37,96.68,6.48,10.83,43866,5206,2843,41543,520767,21390,56425,442952,0.97,4.36,3.17,6.42
丝绸之路,SC,201702,m,1702,54.16,96.63,95.18,109.92,98.99,1.66,0.31,104.08,132.82,99.47,99.35,96.79,99.21,103.19,104.47,91.22,99.22,4.22,10.5,1.63,2.01,4.69,10.64,8.43,27.78,209.01,162.62,243.39,0.6,2.16,1.48,0.46,81.52,99.33,95.65,7.09,11.14,33550,4086,2380,31432,349294,18186,38906,292201,0.96,3.68,2.88,5.8
丝绸之路,SC,201703,m,1703,58.74,97.01,94.46,111.34,100,1.76,0.29,103.66,108.88,99.15,99.15,97.22,99.12,102.72,104.42,97.79,98.36,3.6,9.37,1.84,2.33,3.82,21.33,14.42,34,192.16,155.68,208.49,1.31,2.56,0.76,0.84,81.58,99.36,95.99,7.25,9.26,43342,5752,3143,40690,527294,25901,48835,452558,0.96,5.57,5.09,6.31
丝绸之路,SC,201704,m,1704,30.03,97.87,93.56,115.35,104.08,1.76,0.28,101.9,105.33,99.57,99.41,97.6,100.44,103.21,104.9,88.46,98.86,3.03,8.69,1.6,2.12,3.16,18.7,16,36.11,207.25,175.61,221.21,1.98,1.86,0.34,0.96,82.78,99.28,96.48,7.19,9.46,44831,5553,3225,42108,532625,23833,50390,458399,0.96,5.21,3.85,7.07
丝绸之路,SC,201705,m,1705,35.15,97.09,93.93,113.84,98.51,1.84,0.26,102.59,102.31,99.3,99.57,97.57,101.37,103.25,105.05,92.48,100.83,3.31,9.33,1.64,2.1,3.51,14.08,6.93,32.5,202.43,154.76,224.73,1.51,5.7,0.84,0.38,82.39,99.29,96.56,7.63,9.49,45060,5878,3438,42096,520045,25523,49345,445177,0.96,5.13,3.83,7.19
东三及内蒙,DSN,201701,m,1701,72.74,99.23,95.41,93.17,101.98,1.23,0.48,95.78,99.9,99.24,98.57,105.13,104.94,93.38,94.96,97.08,99.18,3.19,5.28,1.59,1.32,3.45,23.77,22.35,30.77,156.86,129.48,226.19,1.57,999,1.58,0,84.55,98.18,95.2,3.35,2.66,14085,2427,472,12854,190085,9416,5051,175618,0.97,9.24,10.36,6.37
东三及内蒙,DSN,201702,m,1702,47.08,99.36,95.84,94.41,109.64,1.21,0.35,96.68,98.72,99.66,99.66,105.19,105.24,93.4,94.66,116.09,92.66,4.62,6.39,2.52,2.5,5.01,23.13,24.27,23.81,121.16,96.87,197.72,999,999,0,0,84.98,98.34,95.07,3.51,2.88,11689,2139,410,10451,156903,8249,4525,144129,0.97,5.78,6.92,2.39
东三及内蒙,DSN,201703,m,1703,46.72,99.74,96.27,94.89,103.96,1.23,0.4,93.39,94.72,99.53,99.63,104.85,107.55,92.4,95.05,92.31,94.36,4.25,6.35,2.35,2.4,4.55,25.77,26.79,21.05,121.2,94.61,178.04,5.08,1.41,0.32,1.8,85.7,98.54,95.43,3.87,2.97,14359,2477,556,13099,226281,11084,6723,208474,0.97,7.34,7.17,7.76
东三及内蒙,DSN,201704,m,1704,36.09,99.24,97.06,96.05,95.99,1.52,0.34,97.05,97.95,99.71,98.54,100.5,104.62,92.62,94.51,98.11,96.99,3.95,5.44,2.65,1.52,4.31,23.13,24.24,19.05,141.64,109.18,200.61,2.92,0.82,1.47,0.9,86.78,98.56,96.08,3.71,2.8,14269,2517,529,12952,203628,10306,5695,187627,0.97,7.54,8.89,5.13
东三及内蒙,DSN,201705,m,1705,21.53,99.93,97.54,95.75,99.69,1.25,0.31,97.22,97.01,99.69,99.06,97.18,101.74,91.6,93.38,99.97,95.21,4.7,5.99,3.54,1.72,5.15,24.86,22.41,10.94,133.23,112.83,176.31,1.15,999,1.7,0,85.93,98.62,95.6,3.66,2.75,14671,2730,537,13159,215156,10686,5925,198545,0.97,6.75,6.75,6.76
长江经济带,CJJ,201701,m,1701,41.87,98.79,98.26,104.44,103.61,1.09,0.41,97.14,108.82,99.3,99.52,103.37,103.42,101.39,104.67,95.97,102.19,2.02,3.61,1.45,1.27,2.2,40.51,44.54,42.57,169.34,151.54,182.17,1.46,2.77,1.77,1,77.5,99.02,95.78,3.74,3.32,149477,28796,5591,142571,2961143,342542,98281,2520319,0.91,11.05,9.4,12.52
长江经济带,CJJ,201702,m,1702,40.56,99.73,100.75,105.17,102.13,1.07,0.36,98.01,109.06,99.02,99.67,103.17,103.23,101.09,104.34,97.21,96.68,2.48,3.73,1.78,1.56,2.79,36.28,36.36,32.64,170.06,151.46,198.21,1.34,1.54,1.55,1.53,76.95,98.73,95.32,3.66,3.7,128102,22095,4692,121653,2284627,274464,84639,1925524,0.91,8.82,7.27,10.65
长江经济带,CJJ,201703,m,1703,30.69,99.68,99.18,104.66,100.68,1.04,0.35,98.62,109.43,99.4,99.64,103.23,103.15,100.72,103.86,96.89,96.33,2.57,4.2,1.83,1.87,2.78,40.95,42.69,42,151.16,139.53,166.44,1.91,2.17,1.05,1.01,77.74,98.75,95.64,3.69,3.7,149270,28860,5504,142607,3325195,380883,123139,2821173,0.91,9.94,8.24,11.71
长江经济带,CJJ,201704,m,1704,20.98,99.49,98.81,104.09,98.56,0.97,0.32,99.17,107.63,99.24,99.55,103.19,102.64,100.87,103.61,94.87,96.16,2.38,4.11,1.68,1.8,2.53,38.97,39.58,37.65,161.58,147.72,175.21,2.04,2.32,1.09,0.92,78.07,98.92,96,3.69,3.75,149823,29724,5533,142808,3062297,354608,114704,2592984,0.92,10.57,8.22,12.89
长江经济带,CJJ,201705,m,1705,23.17,100.41,98.41,104.52,97.64,0.93,0.29,97.49,104.8,99.51,99.3,102.84,103.34,101.23,103.61,97.36,110.2,2.44,4.25,1.7,1.92,2.58,39.64,41.7,33.13,156.95,138.67,172.18,1.28,1.82,1.33,1.17,79.67,99.01,96.23,4.14,4.38,154563,30629,6402,147537,3337054,368814,146027,2822213,0.91,10.21,8.14,12.34
泛珠四省,FZ,201701,m,1701,56.49,102.81,105.77,91.19,98.82,1.26,0.35,101.84,94.3,98.35,98.45,95.87,95.36,98.51,95.76,97.24,97.18,2.27,5.37,1.51,1.54,2.35,40,33.57,40.91,145.88,145.49,143.69,1.99,1.01,0.99,1.58,87.36,98.97,97.59,7.21,4.58,84769,21598,6110,80159,2038978,264914,93425,1680639,0.88,9.6,8.37,10.67
泛珠四省,FZ,201702,m,1702,32.65,102.49,102.05,93.41,98.45,1.18,0.29,102.07,93.37,97.91,98.97,96.05,95.74,98.79,96,94.69,94.26,3.03,5.92,1.82,2.59,3.09,33.07,32.56,40.23,146.34,128.99,160.82,1.07,0.82,1.84,1.98,88.49,99.01,97.17,6.88,5.01,71225,17746,4902,66453,1382817,197538,69228,1116051,0.88,7.4,6.7,8.36
泛珠四省,FZ,201703,m,1703,24.21,101.78,104.32,93.98,99.32,1.18,0.29,101.07,93.02,98.46,98.83,96.1,95.33,99.25,96.26,94.05,95.44,2.76,5.79,1.8,2.57,2.78,34.05,31.63,35.59,134.71,120.71,137.53,1.42,1.02,1.19,2.28,88.63,99.21,97.63,7.54,5.53,85993,22044,6486,81366,2248304,308352,124232,1815720,0.89,8.44,6.31,10.59
泛珠四省,FZ,201704,m,1704,24.54,101.88,105.24,93.19,101.27,1.13,0.31,100.04,94.63,98.62,99.25,96.24,95.97,99,96.49,97.25,95.64,2.44,5.38,1.6,2.27,2.45,30.42,33.02,26.5,137.04,130.3,134.7,1.4,1.08,1.36,1.71,89.33,98.97,97.99,7.63,5.31,87010,22120,6641,82263,2186917,281680,116040,1789197,0.89,9.42,6.65,12.05
泛珠四省,FZ,201705,m,1705,23.36,101.06,105.28,93.47,100.83,1.12,0.28,102.88,95.95,98.09,98.74,96.45,95.49,98.83,96.52,97.15,95.87,2.65,5.94,1.72,2.52,2.66,37.94,40.23,38.73,137.06,120.33,136.95,2.62,0.96,0.61,1.48,89.81,99.06,98.07,7.6,4.5,89159,22683,6779,84304,2254246,294616,101427,1858203,0.89,8.74,7.27,10.17
厦门海关,37,201701,m,1701,49.02,97.26,100.18,100.36,95.86,1.38,0.33,94.72,93.57,98.43,98.47,94.67,92.51,96.82,97.08,97.84,102.57,2.87,6.7,2.12,0.97,3.17,35.53,23.53,42,173.84,181.55,172.18,4.15,1.63,0.3,1.58,87.88,99.17,97.78,2.94,1.29,14805,1843,435,14534,212847,12113,2752,197982,0.92,15.16,12.98,16.52
厦门海关,37,201702,m,1702,55.31,94.81,103.84,91.03,93.92,1.53,0.28,101.01,94.78,100,98.21,97.46,99.06,98.92,97.17,101.02,100.39,2.54,5.42,1.55,0.7,2.86,47.5,46.15,40.91,205.42,188.65,217.16,1.3,2.18,1.37,1.83,89.14,99.58,96.95,2.41,1.45,11881,1649,286,11532,142498,11201,2065,129232,0.9,17.15,13.06,22.06
厦门海关,37,201703,m,1703,21.01,96.72,102.8,94.7,100.15,1.5,0.32,103.21,91.82,100,99.07,96.05,99.74,98.24,98.7,99.64,83.3,2.78,6.03,1.93,0.75,3.13,40.58,55.56,33.33,190.24,183.9,192.81,1.76,1.5,1.97,1.62,87.99,99.43,97.62,3.68,1.74,14708,2234,541,14323,220824,19176,3844,197804,0.94,15.06,12.45,17.21
厦门海关,37,201704,m,1704,21.08,96.44,103.35,96.57,101.12,1.7,0.32,99.89,93.85,100,99.15,94.92,95.07,98.97,98.62,99.21,98.99,2.37,5.57,1.58,0.71,2.65,47.73,57.14,50,214.65,207.24,216.84,3.15,2.28,1.78,3.41,88.03,99.63,97.67,4.48,2.38,14702,2258,659,14301,202609,16438,4816,181355,0.92,14.44,11.32,17.19
厦门海关,37,201705,m,1705,18.55,96.9,102.85,93.76,100.52,1.45,0.27,106.62,95.32,99.15,95.37,92.96,94.48,97.47,98.11,101.67,97.46,2.42,5.61,1.62,0.68,2.71,44.44,46.15,48.15,205.7,190.73,207.87,2.15,3.7,1.01,0.84,88.32,99.58,97.51,4.05,2.1,15422,2175,624,15066,222986,15362,4679,202945,0.94,12.66,10.51,14.53
泉刺桐办,37AA,201701,m,1701,.,43.91,168.71,183.6,89.14,7.69,0,112.06,.,94.74,100,,,,,99.91,100.39,15.55,7.95,37.1,,15.55,.,.,.,182.57,143.37,223.61,.,.,.,.,97.11,98.31,98.76,#DIV/0!,#DIV/0!,,,,,,,,,,5.41,14.29,0
泉刺桐办,37AA,201702,m,1702,.,58.36,256.96,132.23,89.51,8.74,0,100,.,100,100,,,,,123.76,104.73,7.86,3.43,44,,7.86,.,.,.,112.52,102.86,.,.,.,.,.,82.76,100,99.68,#DIV/0!,#DIV/0!,,,,,,,,,,5.56,14.29,0
泉刺桐办,37AA,201703,m,1703,.,57.04,255.85,132.26,92.59,8.44,1.03,150.72,.,100,100,,,,,72.13,89.75,10.2,7.66,20.29,,10.2,0,.,.,82.27,82.76,86.58,.,.,.,.,96.62,98.36,98.92,#DIV/0!,#DIV/0!,,,,,,,,,,5.71,9.52,0
泉刺桐办,37AA,201704,m,1704,.,64.85,199.92,208.18,105.18,9.71,0,106.53,.,100,94.74,,,,,115.74,172.1,9.2,6.17,18.07,,9.2,0,0,.,103.29,75.52,89.28,.,.,.,.,94.87,97.3,99.01,#DIV/0!,#DIV/0!,,,,,,,,,,13.33,26.67,0
泉刺桐办,37AA,201705,m,1705,.,55.34,129.14,193.42,108.76,8.25,0,112.69,.,100,100,,,,,98.88,98.23,4.04,3.97,4.44,,4.04,.,.,.,137.3,104.18,196.85,999,.,.,.,93.2,95.35,98.96,#DIV/0!,#DIV/0!,,,,,,,,,,8.33,10,0
漳州海关,37AB,201701,m,1701,.,98.17,85.7,118.68,35.08,0.87,0,100,.,100,100,,,,,100.7,101.5,68.65,80.77,8.22,,68.65,.,.,.,260.77,.,109.54,999,.,.,.,95.45,95.59,99.15,#DIV/0!,#DIV/0!,,,,,,,,,,8.33,8.16,16.67
漳州海关,37AB,201702,m,1702,.,96.36,96.3,121.74,51.71,1.85,6.9,100,.,100,100,,,,,99.59,251.16,68.18,84.14,13.1,,68.18,.,.,.,.,.,.,999,.,.,.,96.24,96.77,99.39,#DIV/0!,#DIV/0!,,,,,,,,,,7.06,6.15,27.27
漳州海关,37AB,201703,m,1703,.,99.85,66.35,104.4,44.08,0.87,4.72,63.47,.,100,100,,,,,121.11,109.69,69.16,82.85,8.62,,69.16,.,.,.,300,.,163.3,0.06,.,999,.,95.47,95.29,99.25,#DIV/0!,#DIV/0!,,,,,,,,,,4.83,3.76,50
漳州海关,37AB,201704,m,1704,.,97.43,68.16,76.72,85.67,0,4.81,85.19,.,100,100,,,,,92.98,85.02,46.14,57.73,3.23,,46.14,.,.,.,207.02,.,155.84,999,.,.,.,95.49,97.87,98.61,#DIV/0!,#DIV/0!,,,,,,,,,,8.18,8.3,0
漳州海关,37AB,201705,m,1705,.,97.55,82.15,86.91,38.26,1.32,3.13,84.71,.,100,100,,,,,101.06,94.85,48.18,56.44,6.67,,48.18,.,.,.,111.8,.,0,999,.,.,.,97.28,100,99.51,#DIV/0!,#DIV/0!,,,,,,,,,,5.9,5.7,14.29
东山海关,37AC,201701,m,1701,.,55.32,130.41,.,5.86,9.09,0.81,.,.,100,100,,,,,93.04,96.46,3.8,22.32,1.32,,3.8,0,0,.,116.63,0,276.03,999,.,.,.,88.29,99.28,99.7,#DIV/0!,#DIV/0!,,,,,,,,,,2.78,4,0
东山海关,37AC,201702,m,1702,.,65.88,124.79,34.31,84.26,0,1.26,.,.,.,75,,,,,108.57,108.57,3.13,12.61,1.2,,3.13,.,.,.,100.61,0,268.41,999,.,.,.,95.8,100,99.87,#DIV/0!,#DIV/0!,,,,,,,,,,9.09,13.33,0
东山海关,37AC,201703,m,1703,.,45,126.87,73.2,33.43,50,0.66,.,.,100,100,,,,,88.32,92.42,4.32,22.02,0.92,,4.32,.,.,.,105.06,.,208.83,999,.,.,.,91.67,100,99.91,#DIV/0!,#DIV/0!,,,,,,,,,,24.44,18.92,50
东山海关,37AC,201704,m,1704,.,139.27,130.14,96.18,208.15,0,1.63,.,.,100,100,,,,,97.01,54.7,3.36,15.69,0.71,,3.36,.,.,.,114.71,0,334.66,.,.,.,.,94.48,100,99.78,#DIV/0!,#DIV/0!,,,,,,,,,,13.79,16.67,0
东山海关,37AC,201705,m,1705,.,103.62,126.09,.,46.21,0,0.67,.,.,100,100,,,,,45.01,0,5.55,21.13,2.07,,5.55,.,.,.,93.25,0,168.04,.,.,.,.,88.89,99.77,100,#DIV/0!,#DIV/0!,,,,,,,,,,15.25,17.07,11.11
泉石狮办,37AD,201701,m,1701,.,90.61,108.99,.,.,2.93,0.74,.,.,.,.,,,,,.,.,20.11,40,2.11,,20.11,.,.,.,226.08,147.97,254.83,999,.,.,.,76.12,98.77,99.72,#DIV/0!,#DIV/0!,,,,,,,,,,6.42,6.8,0
泉石狮办,37AD,201702,m,1702,.,92.61,111.67,31.95,.,4.94,0.59,.,.,.,.,,,,,.,.,15.54,26.91,1.56,,15.54,.,.,.,323.98,198.51,604.15,0.19,.,.,.,88.56,98.43,99.88,#DIV/0!,#DIV/0!,,,,,,,,,,5.26,5.51,0
泉石狮办,37AD,201703,m,1703,.,87.61,109.13,46.65,.,1.77,0.47,.,.,.,.,,,,,.,.,14.9,28.81,2.36,,14.9,.,.,.,178.38,139.11,198.85,999,.,.,.,79.51,99.3,99.57,#DIV/0!,#DIV/0!,,,,,,,,,,17.16,18.72,0
泉石狮办,37AD,201704,m,1704,.,91.2,118.99,66.71,.,2.74,0.51,.,.,.,.,,,,,.,.,12.74,27.95,1.37,,12.74,.,.,.,226.04,164.99,246.5,999,.,.,.,80.87,99.5,99.86,#DIV/0!,#DIV/0!,,,,,,,,,,12.29,13.1,0
泉石狮办,37AD,201705,m,1705,.,87.88,120.33,166.8,.,5.57,0.28,.,.,.,.,,,,,.,.,11.62,24.5,2.09,,11.62,.,.,.,198.52,142.79,251.64,999,999,.,.,83.85,99.69,99.7,#DIV/0!,#DIV/0!,,,,,,,,,,13.47,13.87,10
龙岩海关,37AE,201701,m,1701,.,114.04,73.09,120.43,130,0,0,.,.,.,100,,,,,.,.,1.27,6.25,0.71,,1.27,.,.,.,187.08,.,167.33,.,.,.,.,100,100,94.77,#DIV/0!,#DIV/0!,,,,,,,,,,50,0,100
龙岩海关,37AE,201702,m,1702,.,97.3,61.59,94.89,82.38,0,0,.,.,.,.,,,,,.,.,0.67,.,0.75,,0.67,.,.,.,.,.,.,.,.,.,.,100,100,94.08,#DIV/0!,#DIV/0!,,,,,,,,,,0,.,0
龙岩海关,37AE,201703,m,1703,.,103.37,73.9,93.95,.,28.57,0,.,.,100,.,,,,,99.99,100.26,1.18,.,1.3,,1.18,.,.,.,.,.,.,.,.,.,.,100,100,94.84,#DIV/0!,#DIV/0!,,,,,,,,,,0,.,0
龙岩海关,37AE,201704,m,1704,.,99.86,94.99,93.63,100,7.69,0,.,.,100,100,,,,,.,.,0.72,.,0.82,,0.72,.,.,.,.,.,.,.,999,.,.,100,100,95.18,#DIV/0!,#DIV/0!,,,,,,,,,,100,.,100
龙岩海关,37AE,201705,m,1705,.,99.47,91.53,88.82,.,0,0,.,.,100,.,,,,,100.9,99.32,0.61,.,0.68,,0.61,.,,.,207.02,,200,,.,.,.,93.33,100,96.89,#DIV/0!,#DIV/0!,,,,,,,,,,100,.,100
驻高崎办事处,37AF,201701,m,1701,.,147.71,150.35,84.31,99.4,0,0,.,.,100,100,,,,,100.74,80.67,1.23,.,2.38,,1.23,.,,.,.,,.,.,.,.,.,,100,99.16,#DIV/0!,#DIV/0!,,,,,,,,,,0,.,0
驻高崎办事处,37AF,201702,m,1702,.,134.82,,144.9,100.5,0,,.,,100,100,,,,,119.16,95.32,.,.,.,,.,,,,,,,.,.,.,.,,,99.18,#DIV/0!,#DIV/0!,,,,,,,,,,.,.,.
驻高崎办事处,37AF,201703,m,1703,.,189.25,,159.72,104,0,,.,,100,100,,,,,88.51,13.49,.,.,.,,.,.,,.,.,,.,.,.,.,.,,,99.8,#DIV/0!,#DIV/0!,,,,,,,,,,.,.,.
驻高崎办事处,37AF,201704,m,1704,.,79.34,134.63,172.96,101.3,0,0,.,.,100,100,,,,,113.89,105.74,.,.,.,,.,,,,,,,.,.,.,.,,100,99.8,#DIV/0!,#DIV/0!,,,,,,,,,,.,.,.
驻高崎办事处,37AF,201705,m,1705,.,.,,175.17,100.22,,,.,,100,100,,,,,97.86,92.62,.,.,.,,.,,,,,,,.,.,.,.,100,,100,#DIV/0!,#DIV/0!,,,,,,,,,,.,.,.
东渡海关,37AG,201701,m,1701,.,87.2,103.69,96.92,151.53,1.61,0.34,103.51,97.66,,,,,,,,,2.39,4.88,1.99,0.95,2.96,34.62,75,30,209.21,207.63,207.29,4.45,1.38,0.89,1.1,87.2,99.43,97.57,#DIV/0!,#DIV/0!,,,,,,,,,,17.88,22.84,15.92
东渡海关,37AG,201702,m,1702,.,86.9,105.68,81.03,112.99,1.8,0.28,103.59,95.94,,,,,,,,,2.04,3.14,1.67,0.69,2.73,66.67,50,66.67,256.82,248.56,255.73,999,999,.,.,89.52,99.82,96.36,#DIV/0!,#DIV/0!,,,,,,,,,,21.44,20.7,21.92
东渡海关,37AG,201703,m,1703,.,85.88,105.8,86.14,92.24,2,0.31,125.93,95.6,,,,,,,,,2.16,3.58,1.82,0.79,2.77,66.67,50,30,238.41,206.65,238.59,3.54,1.13,1.04,1.04,89.02,99.66,97.54,#DIV/0!,#DIV/0!,,,,,,,,,,17.52,19.6,16.57
东渡海关,37AG,201704,m,1704,.,84.52,104.86,90.82,112.79,2.57,0.36,109.81,97.44,,,,,,,,,2.07,3.6,1.73,0.73,2.64,53.85,33.33,57.14,230.68,219.36,229.56,2.57,7.5,999,1.53,88.16,99.72,97.55,#DIV/0!,#DIV/0!,,,,,,,,,,16.3,15.94,16.46
东渡海关,37AG,201705,m,1705,.,85.28,104.79,81.89,115.17,1.79,0.3,116.66,96.83,,,,,,,,,1.87,2.97,1.64,0.69,2.37,50,0,37.5,247.42,223.7,253.5,999,3.77,0,0.36,88.72,99.68,97.75,#DIV/0!,#DIV/0!,,,,,,,,,,14.25,17.65,12.97
海沧海关,37AH,201701,m,1701,.,99.01,95.92,88.42,106.61,1.58,0.23,81.63,82.17,100,100,,,,,110.14,110.98,3.12,14.41,2.36,1.13,3.22,46.15,100,50,195.99,222.29,196.1,999,2.06,0,1.86,68.7,98.74,97.6,#DIV/0!,#DIV/0!,,,,,,,,,,16.64,10.84,19
海沧海关,37AH,201702,m,1702,.,96.12,102.5,92.81,83.62,1.53,0.19,90.65,89.94,100,100,,,,,96.41,96.06,2.91,14.55,1.58,0.7,3.12,44.44,0,50,225.28,291.6,223.98,0.81,1.47,999,3.1,70.86,99.33,96.31,#DIV/0!,#DIV/0!,,,,,,,,,,16.99,10.78,23.59
海沧海关,37AH,201703,m,1703,.,99.5,99.31,92.91,102.63,1.48,0.19,96.98,85.51,100,95,,,,,104.97,101.07,3.22,15.1,2.09,0.5,3.44,44.44,66.67,58.33,209.5,197.9,214.38,0.57,1.43,999,3.88,66.08,99.08,96.78,#DIV/0!,#DIV/0!,,,,,,,,,,15.56,8.46,20.45
海沧海关,37AH,201704,m,1704,.,100.18,99.85,90.71,100.85,1.75,0.16,95.36,86.23,100,100,,,,,99.44,101.57,2.82,16.8,1.6,0.6,3,50,60,50,249.27,254.82,251.96,999,1.73,.,3.65,65.65,99.53,96.94,#DIV/0!,#DIV/0!,,,,,,,,,,13,6.42,19.02
海沧海关,37AH,201705,m,1705,.,96.58,98.09,92.17,99.71,1.44,0.16,77.24,83.25,100,80.95,,,,,98.39,101.27,2.95,16.28,1.71,0.54,3.15,41.18,50,42.86,227.82,208.01,229.64,1.1,2.56,999,2.58,66.16,99.45,96.15,#DIV/0!,#DIV/0!,,,,,,,,,,10.92,4.7,16.45
驻邮局办事处,37AI,201701,m,1701,.,124.85,213.02,184.18,.,0.91,0.37,83.98,99.57,,,,,,,,,2.53,3.64,1.94,,2.53,0,50,.,219.99,190.37,260.98,1,999,999,.,90.49,99.48,98.6,#DIV/0!,#DIV/0!,,,,,,,,,,7.41,12.84,2.01
驻邮局办事处,37AI,201702,m,1702,.,98.87,209.54,175.04,.,0.83,0.48,100.79,331.63,,,,,,,,,1.34,2.1,0.8,,1.34,0,.,.,311.69,229.4,449.32,999,0.22,0,999,91.27,99.68,98.48,#DIV/0!,#DIV/0!,,,,,,,,,,7.95,11.11,1.92
驻邮局办事处,37AI,201703,m,1703,.,108.37,193.6,214.57,.,0.69,0.72,62.37,287.87,,,,,,,,,1.67,2.37,1.26,,1.67,50,.,100,269.39,206.29,394.46,999,999,0,0,90.36,99.45,98.45,#DIV/0!,#DIV/0!,,,,,,,,,,10.66,16.2,4.62
驻邮局办事处,37AI,201704,m,1704,.,96.88,198.69,178.82,.,0.64,0.78,92.56,356.7,,,,,,,,,0.94,1.18,0.81,,0.94,0,.,.,430.55,320.84,552.92,999,999,0,.,90.47,99.43,98.52,#DIV/0!,#DIV/0!,,,,,,,,,,10.96,22.22,2.41
驻邮局办事处,37AI,201705,m,1705,.,117.28,203.32,190.58,.,0.87,0.66,149.42,145.87,,,,,,,,,1.11,1.32,0.99,,1.11,0,.,.,471.69,425.11,544.09,999,999,0,0,92.28,99.39,98.32,#DIV/0!,#DIV/0!,,,,,,,,,,9.52,16.22,4.26
高崎机场海关,37AK,201701,m,1701,.,86.76,152.67,106.19,331.33,0.69,0.67,109.42,135.19,,,,,,,,,1.56,2.19,1.21,.,1.56,33.33,33.33,.,234.83,187.74,274.42,999,1.63,.,2.38,95.77,99.85,98.1,#DIV/0!,#DIV/0!,,,,,,,,,,12.05,7.07,17.13
高崎机场海关,37AK,201702,m,1702,.,116.3,153.63,96.76,.,0.91,0.69,115.44,152.62,,,,,,,,,1.45,1.9,1.09,.,1.45,33.33,66.67,.,237.36,181.24,355.95,999,999,0,0,95.78,99.86,98,#DIV/0!,#DIV/0!,,,,,,,,,,22.01,15.33,31.19
高崎机场海关,37AK,201703,m,1703,.,108.43,142.93,105.8,.,0.83,0.59,97.08,119.17,,,,,,,,,1.6,1.75,1.51,100,1.59,50,100,50,242.88,214.21,270.71,1.97,2.2,1.61,1.08,95.37,99.78,98.4,#DIV/0!,#DIV/0!,,,,,,,,,,13.07,11.05,14.39
高崎机场海关,37AK,201704,m,1704,.,102.36,151.47,106.56,.,0.78,0.65,100.09,125.45,,,,,,,,,1.24,1.56,1.07,,1.24,66.67,0,0,348.84,273.35,387.38,1.74,1.71,999,4.63,95.23,99.81,98.49,#DIV/0!,#DIV/0!,,,,,,,,,,17.67,11.59,22.35
高崎机场海关,37AK,201705,m,1705,.,104.04,150.99,92.69,.,0.78,0.54,122.25,131.9,,,,,,,,,1.39,2.03,1.01,.,1.38,50,100,.,253.86,175.48,354.9,999,999,0,0,95.48,99.85,98.41,#DIV/0!,#DIV/0!,,,,,,,,,,17.62,12.81,23.49
驻同安办事处,37AL,201701,m,1701,.,75.67,133.34,110.47,101.73,1.73,0.77,53.52,154.54,95.65,100,,,,,86.1,113.08,2.87,2.55,2.94,,2.87,.,.,.,249.87,326.6,287.65,.,.,0,.,99.68,99.82,97.67,#DIV/0!,#DIV/0!,,,,,,,,,,23.81,28.57,22.86
驻同安办事处,37AL,201702,m,1702,.,64.35,120.34,135.38,87.18,1.56,0.39,179.53,79.28,100,96.3,,,,,100.08,97.22,2.45,3.49,2.16,,2.45,.,.,.,317.31,208.17,409.57,.,999,.,0,99.68,99.9,98.06,#DIV/0!,#DIV/0!,,,,,,,,,,17.24,11.11,20
驻同安办事处,37AL,201703,m,1703,.,88.7,129,108.87,94.1,0.61,0.48,124.53,69.15,100,100,,,,,113.65,105.48,1.04,1.47,0.95,,1.04,.,.,.,689.81,.,641.61,.,999,.,.,99.13,99.97,99,#DIV/0!,#DIV/0!,,,,,,,,,,25,20,26.67
驻同安办事处,37AL,201704,m,1704,.,87.38,125.32,124.16,71.63,0.51,0.44,103.54,156.42,100,100,,,,,113.26,110.23,3.42,3.13,3.47,,3.42,.,.,.,415.33,.,409.27,.,.,.,.,99.86,99.94,97.73,#DIV/0!,#DIV/0!,,,,,,,,,,12.5,0,14.29
驻同安办事处,37AL,201705,m,1705,.,95.31,132.13,126.62,87.23,0.84,0.29,57.2,186.71,100,100,,,,,99.1,97.77,3.32,.,3.93,,3.32,.,.,.,303.45,.,293.68,.,999,.,.,100,99.71,98.35,#DIV/0!,#DIV/0!,,,,,,,,,,57.14,.,57.14
泉肖厝办,37AM,201701,m,1701,.,105.07,115.34,108.27,.,2.63,0,.,.,.,.,,,,,.,.,2.17,2.44,.,,2.17,.,.,,161.25,158.11,,.,.,.,.,51.9,100,100,#DIV/0!,#DIV/0!,,,,,,,,,,0,0,.
泉肖厝办,37AM,201702,m,1702,.,101.88,,109.87,.,0,,.,,.,.,,,,,.,.,1.59,.,6.67,,1.59,.,.,.,.,.,.,.,.,.,.,56.25,100,100,#DIV/0!,#DIV/0!,,,,,,,,,,0,.,0
泉肖厝办,37AM,201703,m,1703,.,103.97,64.56,105.05,.,0,0,.,.,.,.,,,,,.,.,3.66,4.76,.,,3.66,.,.,,108.01,108.01,,.,.,.,.,50.79,94.74,100,#DIV/0!,#DIV/0!,,,,,,,,,,33.33,33.33,.
泉肖厝办,37AM,201704,m,1704,.,102.54,105.09,100.78,.,0,0.39,.,.,.,.,,,,,.,.,2.1,1.35,2.44,,2.1,.,.,.,.,.,.,.,.,.,.,62.16,100,100,#DIV/0!,#DIV/0!,,,,,,,,,,0,0,0
泉肖厝办,37AM,201705,m,1705,.,103.14,108.57,104.76,.,1.27,0.97,.,.,.,.,,,,,.,.,2.13,4.12,0.72,,2.13,.,.,.,278.06,222.67,367.42,.,.,.,.,77.32,100,100,#DIV/0!,#DIV/0!,,,,,,,,,,20,25,0
泉晋江办,37AN,201701,m,1701,.,97.53,106.05,138.49,99.69,5.31,0.51,95.92,71.4,100,88.89,,,,,107.31,103.3,3.81,9.37,2.63,0.49,4.09,.,.,0,235.55,251.84,234.77,999,0.57,0,999,83.44,99.3,99.12,#DIV/0!,#DIV/0!,,,,,,,,,,12.12,10.59,13.27
泉晋江办,37AN,201702,m,1702,.,99.56,107.41,133.36,101.67,3.54,0.53,76.33,117.51,100,100,,,,,0,121.15,4.84,9.03,2.85,1.05,5.3,.,.,.,248.67,268.55,251.56,0.31,999,999,.,86.53,99.52,99.48,#DIV/0!,#DIV/0!,,,,,,,,,,13.6,8,22
泉晋江办,37AN,201703,m,1703,.,99.7,104.76,140.4,113.39,2.49,0.63,76.37,56.36,100,100,,,,,116.6,106.94,5.87,11.59,4.51,0.55,6.44,.,.,.,178.41,203.62,174.31,999,999,.,.,81.99,99.59,99.63,#DIV/0!,#DIV/0!,,,,,,,,,,10.51,9.52,11.11
泉晋江办,37AN,201704,m,1704,.,101.6,106.44,131.21,.,1.33,0.21,99,66.41,100,100,,,,,100,59.13,3.69,9.38,2.6,1.05,3.92,.,.,.,244.35,214.51,243.03,999,999,.,.,85.46,99.62,99.29,#DIV/0!,#DIV/0!,,,,,,,,,,13.89,13.64,14.06
泉晋江办,37AN,201705,m,1705,.,94.8,108.76,126.09,108.4,2.55,0.23,86.3,559.07,95.24,93.75,,,,,119.18,95.12,4.23,12.1,2.88,0.97,4.44,.,.,.,223.68,192.66,230.64,0.61,999,.,.,84.07,99.56,99.21,#DIV/0!,#DIV/0!,,,,,,,,,,17.83,30,9.04
驻国际邮轮港办事处,37AO,201701,m,1701,.,58.71,88.48,82.76,.,0,0,.,.,,,,,,,,,4.23,5.26,3.42,,4.23,.,.,.,296.44,.,354.96,.,999,.,.,98.21,98.63,99.61,#DIV/0!,#DIV/0!,,,,,,,,,,9.09,0,20
驻国际邮轮港办事处,37AO,201702,m,1702,.,101.86,83.98,76.34,.,0,0,.,.,,,,,,,,,0.83,1.43,.,,0.83,.,.,.,.,.,.,.,.,.,.,89.39,100,96.58,#DIV/0!,#DIV/0!,,,,,,,,,,0,0,.
驻国际邮轮港办事处,37AO,201703,m,1703,.,27.69,94.57,78.24,.,0,0,.,.,,,,,,,,,1.36,.,1.96,,1.36,.,.,.,503.32,.,443.47,.,.,.,.,84.44,99.02,94.56,#DIV/0!,#DIV/0!,,,,,,,,,,50,.,50
驻国际邮轮港办事处,37AO,201704,m,1704,.,55.25,90.25,86.46,.,0.87,0,.,.,,,,,,,,,2.16,3.06,1.49,,2.16,.,.,.,286.74,.,272.55,.,.,.,.,94.68,100,95.61,#DIV/0!,#DIV/0!,,,,,,,,,,0,0,0
驻国际邮轮港办事处,37AO,201705,m,1705,.,72.41,105.47,83.34,.,0.62,0.49,.,.,,,,,,,,,1.65,1.44,1.83,,1.65,.,.,.,.,.,.,.,.,.,.,90.84,100,95.59,#DIV/0!,#DIV/0!,,,,,,,,,,0,0,0
厦翔安办,37AP,201701,m,1701,.,118,27.83,80.48,156.59,0.29,0.48,71.56,123.39,.,100,,,,,0,193.89,3.06,2.9,3.3,,3.06,50,0,.,206.36,428.97,154.52,999,999,0,.,89.1,96.81,97.32,#DIV/0!,#DIV/0!,,,,,,,,,,13.7,14.63,12.5
厦翔安办,37AP,201702,m,1702,.,102.5,29.38,80.7,157.29,0.54,0.12,70.28,116.83,.,.,,,,,100,51.28,1.72,1.95,1.39,,1.72,100,100,.,135.27,128.45,250.51,0.73,.,1.5,.,95.62,98.28,97.57,#DIV/0!,#DIV/0!,,,,,,,,,,31.46,42.37,10
厦翔安办,37AP,201703,m,1703,.,111.97,32.47,79.67,141.11,0.46,0.91,78.64,109.7,100,100,,,,,110.91,105.47,1.88,2.15,1.48,,1.88,100,100,.,203.71,235.48,243.96,999,.,.,.,95.68,98.95,97.81,#DIV/0!,#DIV/0!,,,,,,,,,,31.19,38.67,14.71
厦翔安办,37AP,201704,m,1704,.,125.36,42.56,89.62,86.5,0.6,0.64,80.86,80.86,100,100,,,,,0,99.43,1.52,1.7,1.27,,1.52,50,100,.,342.93,386.33,417.73,.,.,.,.,92.93,100,98,#DIV/0!,#DIV/0!,,,,,,,,,,32.14,32.14,32.14
厦翔安办,37AP,201705,m,1705,.,115.17,54.61,92.24,86.87,0.13,0.24,84.36,202.87,100,100,,,,,110.06,99.55,1.63,1.77,1.4,,1.63,100,100,.,279.88,279.42,278.49,0.38,.,999,.,87.69,100,98.94,#DIV/0!,#DIV/0!,,,,,,,,,,10.58,10.14,11.43
全国,142,201701-201701,c,1701,48.62,100,100,100,100,1.2,0.37,100,100,99.16,99.2,100,100,100,100,96.97,98.66,2.27,4.7,1.47,1.4,2.42,38.9,36.39,42.6,159.11,141.7,164.29,1.4,1.79,1.4,1.21,80.21,99,96.36,6.17,4.37,264592,56057,16336,253969,6042535,650161,264073,5128300,0.9,9.6,8.18,11.1
全国,142,201701-201702,c,1702,45.09,100,100,100,100,1.13,0.37,100,100,99.14,99.48,100,100,100,100,96.71,97.51,2.53,4.82,1.6,1.61,2.71,38.79,38.13,39.12,133.08,118.48,137.38,1.24,1.65,1.45,1.29,80.69,98.95,96.15,6.76,4.5,293279,68634,19823,282467,10500313,1160266,472345,8867700,0.89,8.58,7.27,10.2
全国,142,201701-201703,c,1703,39.73,100,100,100,100,1.09,0.37,100,100,99.18,99.57,100,100,100,100,96.4,96.81,2.64,4.97,1.69,1.8,2.81,38.36,40.23,39.08,117.33,105.28,117.33,1.35,1.65,1.25,1.33,81.06,98.95,96.21,7.46,4.58,321669,83681,23998,311063,17215042,1900793,788954,14525293,0.89,8.63,7.2,10.35
全国,142,201701-201704,c,1704,35.16,100,100,100,100,1.06,0.36,100,100,99.21,99.59,100,100,100,100,96.37,96.86,2.61,4.96,1.68,1.83,2.76,38.87,40.73,39.82,110.46,100.25,107.51,1.43,1.7,1.17,1.27,81.35,98.95,96.33,8.02,4.62,340742,95074,27325,330322,23558135,2583318,1088219,19886592,0.89,8.8,7.2,10.69
全国,142,201701-201705,c,1705,32.8,100,100,100,100,1.03,0.35,100,100,99.22,99.61,100,100,100,100,96.56,96.23,2.63,5,1.69,1.88,2.77,39.95,40.54,39.33,106.16,95.37,101.71,1.44,1.71,1.12,1.25,81.64,98.97,96.42,8.64,4.64,356750,104927,30831,346377,30248042,3296020,1404253,25547763,0.89,8.82,7.21,10.71
京津冀一体,JJJ,201701-201701,c,1701,38.52,100.19,94.8,91.5,99.79,1.35,0.23,107.49,105.04,99.24,100,118.04,105.95,107.94,108.74,98.79,106.24,2.68,4.67,1.41,2.38,2.71,40.95,38.03,37.5,185.77,131.95,238.92,0.89,0.93,0.84,1.29,73.2,98.76,94.1,4.37,3.29,32309,1938,1413,31476,331482,11897,10890,308695,0.94,9.28,8.39,11.18
京津冀一体,JJJ,201701-201702,c,1702,42.68,99.88,95.36,91.06,95.74,1.36,0.26,103.05,102.36,99.56,100,117.35,101.93,107.42,109.02,98.85,105.4,2.84,4.57,1.56,2.33,2.88,40.07,38.78,51.85,150.15,108.79,192.44,1,1.63,0.77,0.68,76.96,98.7,94.37,4.62,3.55,39687,2669,1832,38721,615619,23565,21864,570190,0.94,8.3,7.7,9.6
京津冀一体,JJJ,201701-201703,c,1703,35.06,100.23,95.6,91.92,94.65,1.3,0.29,103.84,103.38,98.95,99.81,115.45,101.12,107.66,109.83,96.63,101.61,3.08,5.03,1.65,2.38,3.13,41.45,39.85,49.55,130.08,92.98,156.92,1.04,1.46,0.77,0.82,78.1,98.64,94.61,4.54,3.54,48032,3499,2179,46998,1003274,37872,35544,929858,0.94,8.12,7.52,9.47
京津冀一体,JJJ,201701-201704,c,1704,29.99,100.25,95.47,91.46,97.08,1.3,0.29,104.93,105.11,98.66,99.77,116.45,102.22,107.77,107.94,93.4,117.99,3.1,5.14,1.66,2.34,3.16,39.95,40.57,52.25,123.73,88.54,144.09,1.08,1.6,0.8,0.72,78.36,98.62,94.74,4.52,3.53,54096,4127,2447,52958,1360898,49970,47980,1262948,0.94,8.32,7.61,9.86
京津冀一体,JJJ,201701-201705,c,1705,28.8,99.99,95.33,89.3,99.27,1.24,0.29,104.4,106.67,98.35,99.81,119.58,106.31,107.88,108.46,95.03,96.92,3.1,5.2,1.63,2.38,3.16,42.11,41.87,50,121.46,86.3,137.46,1.17,1.48,0.7,0.75,78,98.65,94.57,4.59,3.55,59043,4696,2710,57838,1724195,63033,61276,1599886,0.95,8.48,7.72,10.19
丝绸之路,SC,201701-201701,c,1701,57.62,98.2,93.66,116.42,96.39,1.66,0.33,102.87,105.22,99.51,99.63,96.9,99.23,103.37,104.54,97.63,97.58,3.11,10.33,1.4,1.78,3.3,11.5,6.19,26.67,225.02,178.21,242.55,0.59,0.92,2.41,1.92,78.92,99.37,96.68,6.48,10.83,43866,5206,2843,41543,520767,21390,56425,442952,0.97,4.36,3.17,6.42
丝绸之路,SC,201701-201702,c,1702,55.98,97.49,94.14,112.82,96.92,1.48,0.32,103.54,112.85,99.58,99.61,96.79,99.21,103.19,104.47,97.68,98.54,3.54,10.41,1.48,1.88,3.83,17.88,13.1,27.78,179.77,145.97,195.27,0.61,1.17,1.88,1.3,80.22,99.36,96.27,7.04,10.96,50691,7103,3567,47900,870064,39577,95331,735155,0.96,4.01,3.02,6.11
丝绸之路,SC,201701-201703,c,1703,57.07,97.27,94.22,113.07,97.4,1.41,0.32,103.67,111.94,99.53,99.61,97.22,99.12,102.72,104.42,98.3,97.37,3.56,9.99,1.62,2.06,3.82,27.51,16.9,32.95,157.87,131.2,155.54,0.93,1.5,1.15,1.17,80.75,99.36,96.16,7.7,10.32,59215,9519,4559,55879,1397358,65478,144166,1187713,0.96,4.56,3.7,6.15
丝绸之路,SC,201701-201704,c,1704,49.45,97.43,94.12,113.54,98.82,1.37,0.32,102.91,109.91,99.57,99.73,97.6,100.44,103.21,104.9,96.94,98.04,3.41,9.65,1.61,2.07,3.63,30.13,19.92,38.76,143.8,124.57,135.98,1.05,1.63,0.96,1.11,81.26,99.34,96.25,8.14,10.08,66193,11440,5386,62298,1929983,89311,194556,1646112,0.96,4.69,3.72,6.38
丝绸之路,SC,201701-201705,c,1705,46.3,97.32,94.05,113.49,98.73,1.35,0.31,102.91,107.98,99.6,99.82,97.57,101.37,103.25,105.05,96.64,98.01,3.39,9.57,1.61,2.08,3.6,32.62,21.32,42.95,136.02,117.86,124.46,1.07,2.01,1.01,0.96,81.5,99.33,96.32,8.68,9.96,72043,13259,6250,67606,2450028,114834,243901,2091289,0.95,4.75,3.7,6.52
东三及内蒙,DSN,201701-201701,c,1701,72.74,99.23,95.41,93.17,101.98,1.23,0.48,95.78,99.9,99.24,98.57,105.13,104.94,93.38,94.96,97.08,99.18,3.19,5.28,1.59,1.32,3.45,23.77,22.35,30.77,156.86,129.48,226.19,1.57,999,1.58,0,84.55,98.18,95.2,3.35,2.66,14085,2427,472,12854,190085,9416,5051,175618,0.97,9.24,10.36,6.37
东三及内蒙,DSN,201701-201702,c,1702,59.02,99.6,96.14,93.82,104.07,1.1,0.46,96.58,98.58,99.43,99.56,105.19,105.24,93.4,94.66,99,97.4,3.83,5.83,1.96,1.92,4.13,29.78,29.44,35,120.36,95.72,189.09,2.02,999,0.97,0,84.77,98.24,95.14,3.66,2.76,16839,3442,617,15069,347022,17665,9577,319780,0.96,7.32,8.41,4.3
东三及内蒙,DSN,201701-201703,c,1703,54.26,99.88,96.27,94.44,104.45,1.1,0.45,94.59,95.98,99.48,99.72,104.85,107.55,92.4,95.05,98.3,95.78,3.99,6.02,2.11,2.11,4.29,29.71,28.84,31.86,108.66,84.66,165.61,2.56,2.36,0.72,1.33,85.13,98.36,95.25,3.95,2.84,20055,4506,793,17841,573303,28749,16300,528254,0.97,7.33,7.91,5.81
东三及内蒙,DSN,201701-201704,c,1704,49.27,99.82,96.54,94.63,103.02,1.06,0.43,95.35,96.03,99.54,99.51,100.5,104.62,92.62,94.51,98.9,96.07,3.97,5.86,2.25,1.95,4.29,28.88,26.32,33.89,106.39,80.29,162.35,2.68,1.83,0.83,1.08,85.55,98.42,95.47,4.04,2.83,22407,5353,906,19823,776931,39055,21995,715881,0.96,7.36,8.13,5.57
东三及内蒙,DSN,201701-201705,c,1705,42.79,99.93,96.98,94.8,103.19,1,0.41,95.78,96.63,99.57,99.58,97.18,101.74,91.6,93.38,99.22,96.95,4.12,5.88,2.53,1.9,4.47,28.24,27.62,31.88,103.79,77.75,155.72,2.17,2.93,1.01,0.91,85.63,98.46,95.5,4.11,2.81,24596,6251,1012,21574,992087,49741,27920,914426,0.96,7.21,7.82,5.94
长江经济带,CJJ,201701-201701,c,1701,41.87,98.79,98.26,104.44,103.61,1.09,0.41,97.14,108.82,99.3,99.52,103.37,103.42,101.39,104.67,95.97,102.19,2.02,3.61,1.45,1.27,2.2,40.51,44.54,42.57,169.34,151.55,182.18,1.46,2.77,1.77,1,77.5,99.02,95.78,3.74,3.32,149477,28796,5591,142571,2961143,342542,98281,2520319,0.91,11.05,9.4,12.52
长江经济带,CJJ,201701-201702,c,1702,41.24,99.3,99.25,104.7,102.06,1.04,0.4,98.17,108.84,99.23,99.61,103.17,103.23,101.09,104.34,96.3,99.74,2.22,3.67,1.58,1.41,2.44,40.61,42.37,38.51,142.64,131.44,154.32,1.36,2.31,1.65,1.19,77.22,98.91,95.58,4.04,3.49,168208,35849,6791,160572,5245813,617007,182920,4445885,0.91,9.97,8.3,11.67
长江经济带,CJJ,201701-201703,c,1703,36.98,99.53,99.18,104.01,101.49,1.02,0.39,98.46,110.4,99.32,99.68,103.23,103.15,100.72,103.86,96.95,99.27,2.35,3.88,1.67,1.6,2.57,39.54,42.55,38.51,125.52,118.75,132.85,1.47,2.29,1.4,1.12,77.42,98.85,95.6,4.31,3.57,186673,44858,8041,178558,8571008,997890,306059,7267058,0.9,9.95,8.27,11.68
长江经济带,CJJ,201701-201704,c,1704,32.65,99.45,99.07,103.83,100.71,0.99,0.38,98.69,109.52,99.31,99.66,103.19,102.64,100.87,103.61,96.65,98.05,2.36,3.93,1.67,1.65,2.56,40.54,43.8,38.5,118.44,114.12,121.96,1.58,2.36,1.26,1.06,77.58,98.87,95.71,4.55,3.62,199413,52026,9066,190895,11633305,1352498,420763,9860042,0.9,10.11,8.25,11.99
长江经济带,CJJ,201701-201705,c,1705,30.53,99.73,98.9,104.62,100.12,0.95,0.37,98.54,108.02,99.38,99.63,102.84,103.34,101.23,103.61,96.34,97.35,2.37,4,1.68,1.71,2.56,41.13,43.47,38.9,114.07,110.19,115.15,1.5,2.31,1.28,1.09,78.04,98.9,95.82,4.96,3.79,210587,58284,10438,201705,14970359,1721312,566790,12682255,0.9,10.13,8.22,12.07
泛珠四省,FZ,201701-201701,c,1701,56.49,102.81,105.77,91.19,98.82,1.26,0.35,101.84,94.3,98.35,98.45,95.87,95.36,98.51,95.76,97.24,97.18,2.27,5.37,1.51,1.54,2.35,40,33.57,40.91,145.88,145.49,143.69,1.99,1.01,0.99,1.58,87.36,98.97,97.59,7.21,4.58,84769,21598,6110,80159,2038978,264914,93425,1680639,0.88,9.6,8.37,10.67
泛珠四省,FZ,201701-201702,c,1702,45.35,102.57,104.48,92.12,98.96,1.15,0.35,101.48,93.86,98.16,98.86,96.05,95.74,98.79,96,96.64,96.12,2.57,5.64,1.63,2.02,2.64,36.4,38.15,41.23,123.41,115.78,121.75,1.37,0.97,1.42,1.64,87.93,98.98,97.42,7.51,4.75,95500,25576,7170,90835,3421795,462452,162653,2796690,0.87,8.53,7.45,9.67
泛珠四省,FZ,201701-201703,c,1703,36.94,102.04,104.46,93.02,99.43,1.1,0.35,101.35,92.51,98.29,99.06,96.1,95.33,99.25,96.26,95.77,95.53,2.64,5.69,1.69,2.24,2.69,37.06,36.7,41.07,108.76,99.5,104.43,1.39,1,1.3,1.91,88.21,99.07,97.51,8.02,5.06,108018,30306,8665,103338,5670099,770804,286885,4612410,0.88,8.45,6.95,10.02
泛珠四省,FZ,201701-201704,c,1704,33.52,102.06,104.65,93.18,99.75,1.07,0.34,101.01,93.26,98.41,99.28,96.24,95.97,99,96.49,96.08,95.53,2.58,5.6,1.67,2.25,2.62,36.73,37.29,38.34,100.61,92.97,94,1.42,1.05,1.26,1.86,88.51,99.04,97.64,8.38,5.13,117333,33886,9830,112655,7857016,1052484,402925,6401607,0.88,8.66,6.84,10.51
泛珠四省,FZ,201701-201705,c,1705,31.23,101.73,104.81,92.87,99.93,1.04,0.34,101.23,93.75,98.34,99.31,96.45,95.49,98.83,96.52,96.51,95.27,2.59,5.66,1.67,2.3,2.62,37.41,37.64,40.5,96.24,86.41,87.81,1.58,1.06,1.11,1.75,88.79,99.05,97.74,8.63,4.99,125442,37001,10825,120642,10111262,1347100,504352,8259810,0.88,8.63,6.9,10.38
厦门海关,37,201701-201701,c,1701,49.02,97.26,100.18,100.36,95.86,1.38,0.33,94.72,93.57,98.43,98.47,94.67,92.51,96.82,97.08,97.84,102.57,2.87,6.7,2.12,0.97,3.17,35.53,23.53,42,173.84,181.55,172.18,4.15,1.63,0.3,1.58,87.88,99.17,97.78,2.94,1.29,14805,1843,435,14534,212847,12113,2752,197982,0.92,15.16,12.98,16.52
厦门海关,37,201701-201702,c,1702,51.81,96.01,101.63,95.1,95,1.42,0.34,95.03,94.07,99.16,98.35,97.46,99.06,98.92,97.17,99.28,100.33,2.74,6.04,1.9,0.85,3.04,40.15,42.86,42.35,162.68,164.27,162.68,2.02,1.93,0.73,1.5,88.51,99.32,97.45,3.06,1.36,17079,2469,523,16742,355345,23314,4817,327214,0.91,15.85,12.92,18.21
厦门海关,37,201701-201703,c,1703,39.36,95.85,102.28,94.61,96.24,1.31,0.36,98.38,93.54,99.43,98.85,96.05,99.74,98.24,98.7,99.82,100.46,2.75,6.03,1.91,0.81,3.07,41.76,40.54,41.62,151.43,152.19,147.93,1.87,1.72,0.98,1.59,88.31,99.36,97.51,3.81,1.5,19665,3266,749,19260,576169,42490,8661,525018,0.91,15.52,12.7,17.8
厦门海关,37,201701-201704,c,1704,33.84,95.95,102.61,96.56,97.55,1.36,0.35,97.88,93.56,99.56,98.93,94.92,95.07,98.97,98.62,99.56,100.71,2.65,5.89,1.82,0.78,2.96,42.86,45.63,44.3,142.9,143.53,139.57,2,1.87,1.07,1.82,88.24,99.43,97.55,4.55,1.73,21562,3906,980,21106,778778,58928,13477,706373,0.91,15.21,12.27,17.63
厦门海关,37,201701-201705,c,1705,30.45,95.74,102.75,95.55,98.01,1.32,0.35,99.39,93.9,99.48,98.26,92.96,94.48,97.47,98.11,99.14,100.42,2.59,5.82,1.77,0.76,2.9,44.6,45,43.98,136.57,138.73,133.2,1.94,2.12,1.13,1.54,88.25,99.47,97.54,4.82,1.81,23392,4369,1127,22918,1001764,74290,18156,909318,0.92,14.67,11.87,16.99
泉刺桐办,37AA,201701-201701,c,1701,.,43.91,168.71,183.6,89.14,7.69,0,112.06,.,94.74,100,,,,,99.91,100.39,15.55,7.95,37.1,,15.55,.,.,.,182.57,143.37,223.61,.,.,.,.,97.11,98.31,98.76,#DIV/0!,#DIV/0!,,,,,,,,,,5.41,14.29,0
泉刺桐办,37AA,201701-201702,c,1702,.,56.13,194.67,142.17,89.73,7.27,0,108.32,.,97.73,100,,,,,100.58,100.59,11.78,5.53,39.08,,11.78,0,.,0,106.72,104.56,.,.,.,.,.,89.36,98.8,99.22,#DIV/0!,#DIV/0!,,,,,,,,,,5.45,14.29,0
泉刺桐办,37AA,201701-201703,c,1703,.,56.08,217.24,136.47,89.59,7.07,0.57,118.3,.,98.46,100,,,,,100.73,100.72,11.11,6.42,30.77,,11.11,0,0,0,100.64,86.07,119.79,999,.,.,.,92.37,98.61,99.09,#DIV/0!,#DIV/0!,,,,,,,,,,5.56,11.9,0
泉刺桐办,37AA,201701-201704,c,1704,.,57.95,214.1,154.9,92.65,7.34,0.36,117.27,.,98.81,98.88,,,,,100.7,100.9,10.48,6.24,26.36,,10.48,16.67,33.33,0,92.46,71.99,86.08,999,.,.,.,93.04,98.17,99.07,#DIV/0!,#DIV/0!,,,,,,,,,,6.72,14.29,0
泉刺桐办,37AA,201701-201705,c,1705,.,55.73,200.47,159.63,94.62,7.03,0.32,115.53,.,98.98,99,,,,,100.63,100.91,9.14,5.74,22.89,,9.14,16.67,33.33,0,98.34,66.52,100.39,999,.,.,.,93.07,97.7,99.05,#DIV/0!,#DIV/0!,,,,,,,,,,6.87,13.64,0
漳州海关,37AB,201701-201701,c,1701,.,98.17,85.7,118.68,35.08,0.87,0,100,.,100,100,,,,,100.7,101.5,68.65,80.77,8.22,,68.65,.,.,.,260.77,.,109.54,999,.,.,.,95.45,95.59,99.15,#DIV/0!,#DIV/0!,,,,,,,,,,8.33,8.16,16.67
漳州海关,37AB,201701-201702,c,1702,.,97.43,92.46,120.3,29.24,1.44,5.69,100,.,100,100,,,,,100.35,94.13,68.43,82.26,10.83,,68.43,0,.,0,.,.,.,999,.,.,.,95.79,96.15,99.26,#DIV/0!,#DIV/0!,,,,,,,,,,7.75,7.25,23.53
漳州海关,37AB,201701-201703,c,1703,.,98.01,86.52,119.51,25.62,1.45,2.13,87.51,.,100,100,,,,,100.22,109.78,68.47,82.52,8.42,,68.47,100,.,100,500,.,258.2,0.15,.,999,.,95.65,95.81,99.25,#DIV/0!,#DIV/0!,,,,,,,,,,6.49,5.71,39.13
漳州海关,37AB,201701-201704,c,1704,.,97.98,83.21,78.05,30.14,1.2,2.36,86.63,.,100,100,,,,,88.63,84.18,61.84,75.28,6.8,,61.84,100,.,100,367.88,357.77,355.9,0.22,.,999,.,95.61,96.44,99.08,#DIV/0!,#DIV/0!,,,,,,,,,,6.63,6.05,33.33
漳州海关,37AB,201701-201705,c,1705,.,98.35,82.35,81.74,31.01,1.59,2.38,87,.,100,100,,,,,85.73,91.4,58.55,70.66,6.57,,58.55,0,.,0,264.6,274.87,229.58,0.36,.,999,.,96.01,96.97,99.18,#DIV/0!,#DIV/0!,,,,,,,,,,6.5,5.98,30.3
东山海关,37AC,201701-201701,c,1701,.,55.32,130.41,.,5.86,9.09,0.81,.,.,100,100,,,,,93.04,96.46,3.8,22.32,1.32,,3.8,0,0,.,116.63,0,276.03,999,.,.,.,88.29,99.28,99.7,#DIV/0!,#DIV/0!,,,,,,,,,,2.78,4,0
东山海关,37AC,201701-201702,c,1702,.,60.28,125.68,34.48,102.79,17.65,0.32,.,.,100,85.71,,,,,97.76,95.98,3.52,17.32,1.27,,3.52,50,50,.,95.89,0,177.06,999,.,.,.,92.17,99.58,99.77,#DIV/0!,#DIV/0!,,,,,,,,,,5.17,7.5,0
东山海关,37AC,201701-201703,c,1703,.,57.42,126.07,73.89,104.79,13.64,0.32,.,.,100,100,,,,,106.86,98.37,3.83,19.3,1.13,,3.83,50,50,.,98.18,0,176.72,999,999,.,.,91.96,99.74,99.82,#DIV/0!,#DIV/0!,,,,,,,,,,13.59,12.99,15.38
东山海关,37AC,201701-201704,c,1704,.,111.23,127.43,98.83,149.16,6.52,0.39,.,.,100,100,,,,,105.53,94.05,3.72,18.3,1.03,,3.72,50,50,.,101.06,0,178.8,999,999,.,.,92.63,99.8,99.81,#DIV/0!,#DIV/0!,,,,,,,,,,13.64,13.86,12.9
东山海关,37AC,201701-201705,c,1705,.,109.41,126.71,98.84,75.46,4.69,0.51,.,.,100,100,,,,,110.03,96.86,4.09,18.77,1.27,,4.09,50,50,.,91.82,0,143.09,999,999,.,.,91.67,99.79,99.86,#DIV/0!,#DIV/0!,,,,,,,,,,13.76,14.29,12.24
泉石狮办,37AD,201701-201701,c,1701,.,90.61,108.99,.,.,2.93,0.74,.,.,.,.,,,,,.,.,20.11,40,2.11,,20.11,.,.,.,226.08,147.97,254.83,999,.,.,.,76.12,98.77,99.72,#DIV/0!,#DIV/0!,,,,,,,,,,6.42,6.8,0
泉石狮办,37AD,201701-201702,c,1702,.,91.34,110.42,29.28,.,2.73,0.73,.,.,.,.,,,,,.,.,18.09,33.74,1.89,,18.09,.,.,.,248.18,161.42,317.41,0.55,.,999,.,82.07,98.63,99.79,#DIV/0!,#DIV/0!,,,,,,,,,,5.98,6.31,0
泉石狮办,37AD,201701-201703,c,1703,.,89.67,110.63,41.02,.,3.2,0.47,.,.,.,.,,,,,.,.,16.77,31.78,2.09,,16.77,50,50,.,185.01,133.8,195.87,1.92,.,999,.,81.05,98.92,99.7,#DIV/0!,#DIV/0!,,,,,,,,,,10.09,10.77,0
泉石狮办,37AD,201701-201704,c,1704,.,89.81,113.31,46.2,.,3.03,0.47,.,.,.,.,,,,,.,.,15.57,30.76,1.86,,15.57,33.33,33.33,.,161.82,114.83,175.39,2.65,.,999,.,81,99.11,99.75,#DIV/0!,#DIV/0!,,,,,,,,,,10.63,11.34,0
泉石狮办,37AD,201701-201705,c,1705,.,89.22,114.89,52.38,.,3.29,0.27,.,.,.,.,,,,,.,.,14.54,29.26,1.92,,14.54,42.86,50,.,147.94,104.42,165.1,3.2,999,999,.,81.69,99.27,99.73,#DIV/0!,#DIV/0!,,,,,,,,,,11.22,11.85,3.03
龙岩海关,37AE,201701-201701,c,1701,.,114.04,73.09,120.43,130,0,0,.,.,.,100,,,,,.,.,1.27,6.25,0.71,,1.27,.,.,.,187.08,.,167.33,.,.,.,.,100,100,94.77,#DIV/0!,#DIV/0!,,,,,,,,,,50,0,100
龙岩海关,37AE,201701-201702,c,1702,.,103.98,67.32,104.74,108.94,5.56,0,.,.,.,100,,,,,.,.,0.98,3.13,0.73,,0.98,.,.,.,235.34,.,220.14,.,.,.,.,100,100,94.43,#DIV/0!,#DIV/0!,,,,,,,,,,33.33,0,50
龙岩海关,37AE,201701-201703,c,1703,.,104,70.21,88.67,114.7,0,0.35,.,.,100,100,,,,,99.75,100.12,1.05,2.13,0.93,,1.05,.,.,.,293.15,.,277.19,.,.,.,.,100,100,94.58,#DIV/0!,#DIV/0!,,,,,,,,,,20,0,25
龙岩海关,37AE,201701-201704,c,1704,.,103,75.9,103.48,96.51,2.7,0.25,.,.,100,100,,,,,98.53,100.12,0.98,1.56,0.91,,0.98,.,.,.,241.42,.,249.75,.,999,.,.,100,100,94.72,#DIV/0!,#DIV/0!,,,,,,,,,,33.33,0,40
龙岩海关,37AE,201701-201705,c,1705,.,101.89,79.63,100.74,95.5,2.22,0,.,.,100,100,,,,,98.82,99.12,0.9,1.23,0.86,,0.9,.,.,.,233.05,.,237.67,.,999,.,.,98.61,100,95.18,#DIV/0!,#DIV/0!,,,,,,,,,,42.86,0,50
驻高崎办事处,37AF,201701-201701,c,1701,.,147.71,150.35,84.31,99.4,0,0,.,.,100,100,,,,,100.74,80.67,1.23,.,2.38,,1.23,.,,.,.,,.,.,.,.,.,,100,99.16,#DIV/0!,#DIV/0!,,,,,,,,,,0,.,0
驻高崎办事处,37AF,201701-201702,c,1702,.,141.35,143.49,130.28,99.85,0,.,.,.,100,100,,,,,105.46,82.16,0.34,.,0.66,,0.34,.,,.,.,,.,.,.,.,.,,100,99.17,#DIV/0!,#DIV/0!,,,,,,,,,,0,.,0
驻高崎办事处,37AF,201701-201703,c,1703,.,142.49,141.16,140.54,102.25,0,0,.,.,100,100,,,,,97.58,54.25,0.25,.,0.49,,0.25,.,,.,.,,.,.,.,.,.,,100,99.35,#DIV/0!,#DIV/0!,,,,,,,,,,0,.,0
驻高崎办事处,37AF,201701-201704,c,1704,.,139.33,143.42,147.42,102.29,0,0,.,.,100,100,,,,,101.04,60.13,0.22,.,0.43,,0.22,.,,.,.,,.,.,.,.,.,,100,99.45,#DIV/0!,#DIV/0!,,,,,,,,,,0,.,0
驻高崎办事处,37AF,201701-201705,c,1705,.,138.85,145.44,152.67,101.96,0,0,.,.,100,100,,,,,97.46,68.56,0.2,.,0.4,,0.2,.,,.,.,,.,.,.,.,.,100,100,99.57,#DIV/0!,#DIV/0!,,,,,,,,,,0,.,0
东渡海关,37AG,201701-201701,c,1701,.,87.2,103.69,96.92,151.53,1.61,0.34,103.51,97.66,,,,,,,,,2.39,4.88,1.99,0.95,2.96,34.62,75,30,209.21,207.63,207.29,4.45,1.38,0.89,1.1,87.2,99.43,97.57,#DIV/0!,#DIV/0!,,,,,,,,,,17.88,22.84,15.92
东渡海关,37AG,201701-201702,c,1702,.,86.62,105.1,86.01,138.49,1.67,0.34,101.51,97.08,,,,,,,,,2.26,3.99,1.88,0.85,2.87,41.46,50,34.48,205.15,193.2,202.55,7.43,3.86,0.91,0.59,88.33,99.56,97.13,#DIV/0!,#DIV/0!,,,,,,,,,,19.01,21.81,17.7
东渡海关,37AG,201701-201703,c,1703,.,84.5,105.56,86.93,106.31,1.47,0.35,111.45,96.32,,,,,,,,,2.22,3.81,1.86,0.82,2.83,39.19,52,34.04,191.98,172.66,187.42,5.44,1.92,0.97,0.92,88.6,99.59,97.29,#DIV/0!,#DIV/0!,,,,,,,,,,18.41,20.97,17.22
东渡海关,37AG,201701-201704,c,1704,.,83.88,105.42,88,110.9,1.68,0.34,109.73,96.57,,,,,,,,,2.17,3.74,1.82,0.8,2.78,40,51.28,36.49,177.3,157.02,173.73,4.47,2.61,1.49,0.92,88.48,99.63,97.36,#DIV/0!,#DIV/0!,,,,,,,,,,17.85,19.61,17.04
东渡海关,37AG,201701-201705,c,1705,.,83.66,105.4,86.35,114.66,1.61,0.36,110.83,96.49,,,,,,,,,2.1,3.56,1.78,0.77,2.68,39.72,49.06,37.78,166.49,150.42,161.48,5.43,3.01,1.22,0.66,88.53,99.64,97.45,#DIV/0!,#DIV/0!,,,,,,,,,,17.13,19.32,16.17
海沧海关,37AH,201701-201701,c,1701,.,99.01,95.92,88.42,106.61,1.58,0.23,81.63,82.17,100,100,,,,,110.14,110.98,3.12,14.41,2.36,1.13,3.22,46.15,100,50,195.99,222.29,196.1,999,2.06,0,1.86,68.7,98.74,97.6,#DIV/0!,#DIV/0!,,,,,,,,,,16.64,10.84,19
海沧海关,37AH,201701-201702,c,1702,.,97.54,98.15,91.02,100.98,1.59,0.23,88.58,85.47,100,100,,,,,98.47,99.52,3.03,14.48,2.05,0.9,3.18,47.83,50,48.78,175.43,211.01,174.23,1.67,1.8,0.71,2.28,69.82,98.97,97.08,#DIV/0!,#DIV/0!,,,,,,,,,,16.73,10.74,20.36
海沧海关,37AH,201701-201703,c,1703,.,98.85,98.68,92.83,101.53,1.46,0.25,94.26,85.93,100,97.92,,,,,103.72,101.61,3.1,14.72,2.07,0.74,3.27,44.94,71.43,45,159.63,175.84,159.27,0.97,1.63,1.75,2.81,68.39,99.01,96.97,#DIV/0!,#DIV/0!,,,,,,,,,,16.28,9.84,20.37
海沧海关,37AH,201701-201704,c,1704,.,99.12,98.97,92.96,101.39,1.48,0.24,94.17,85.8,100,98.59,,,,,118.28,94.65,3.03,15.19,1.95,0.71,3.2,46.15,56.25,46.53,152.36,162.79,152.24,1.18,1.69,1.49,2.99,67.74,99.14,96.97,#DIV/0!,#DIV/0!,,,,,,,,,,15.48,8.91,20.03
海沧海关,37AH,201701-201705,c,1705,.,98.11,98.83,92.66,101.14,1.39,0.23,91.77,85.25,100,94.57,,,,,114.39,95.76,3.01,15.44,1.89,0.67,3.19,47.18,47.06,46.92,145.45,151.78,145.58,1.1,1.84,2.15,2.83,67.39,99.2,96.79,#DIV/0!,#DIV/0!,,,,,,,,,,14.5,7.91,19.31
驻邮局办事处,37AI,201701-201701,c,1701,.,124.85,213.02,184.18,.,0.91,0.37,83.98,99.57,,,,,,,,,2.53,3.64,1.94,,2.53,0,50,.,219.99,190.37,260.98,1,999,999,.,90.49,99.48,98.6,#DIV/0!,#DIV/0!,,,,,,,,,,7.41,12.84,2.01
驻邮局办事处,37AI,201701-201702,c,1702,.,105.07,209.54,175.21,.,0.87,0.53,98.17,138.37,,,,,,,,,1.95,2.81,1.42,,1.95,50,66.67,0,220.93,174.37,267.05,2,0.3,1.77,999,90.91,99.57,98.54,#DIV/0!,#DIV/0!,,,,,,,,,,7.59,12.15,1.99
驻邮局办事处,37AI,201701-201703,c,1703,.,106.58,203.61,192.55,.,0.77,0.69,81.4,155.1,,,,,,,,,1.83,2.63,1.35,,1.83,55.56,42.86,50,230.94,182.24,273.37,3.93,0.54,0.79,1.96,90.69,99.52,98.5,#DIV/0!,#DIV/0!,,,,,,,,,,8.75,13.62,3.02
驻邮局办事处,37AI,201701-201704,c,1704,.,102.99,200.45,190.68,.,0.73,0.73,89.79,208.09,,,,,,,,,1.58,2.25,1.19,,1.58,54.55,55.56,50,217.71,175.68,263.01,4.88,0.78,0.49,2.06,90.63,99.49,98.51,#DIV/0!,#DIV/0!,,,,,,,,,,9.12,14.82,2.9
驻邮局办事处,37AI,201701-201705,c,1705,.,105.07,204.23,191.01,.,0.8,0.77,101.77,202.05,,,,,,,,,1.48,2.05,1.15,,1.48,57.14,63.64,50,216.11,181.72,250.22,5.26,1.02,0.32,0.83,90.99,99.47,98.47,#DIV/0!,#DIV/0!,,,,,,,,,,9.19,15.02,3.15
高崎机场海关,37AK,201701-201701,c,1701,.,86.76,152.67,106.19,331.33,0.69,0.67,109.42,135.19,,,,,,,,,1.56,2.19,1.21,.,1.56,33.33,33.33,.,234.83,187.74,274.42,999,1.63,.,2.38,95.77,99.85,98.1,#DIV/0!,#DIV/0!,,,,,,,,,,12.05,7.07,17.13
高崎机场海关,37AK,201701-201702,c,1702,.,105.11,150.21,101.49,402.02,0.77,0.83,115.37,157.24,,,,,,,,,1.51,2.05,1.15,.,1.51,40,50,50,201.91,162.12,256.32,999,3.42,0,0.82,95.78,99.85,98.06,#DIV/0!,#DIV/0!,,,,,,,,,,16.21,10.78,22.49
高崎机场海关,37AK,201701-201703,c,1703,.,106.64,149.08,102.82,438.19,0.84,0.73,109.49,144.68,,,,,,,,,1.54,1.94,1.3,11.11,1.54,35.29,50,37.5,186.63,152.23,224.48,4.13,2.82,0.66,0.9,95.62,99.83,98.19,#DIV/0!,#DIV/0!,,,,,,,,,,14.92,10.87,18.63
高崎机场海关,37AK,201701-201704,c,1704,.,112.13,149.82,103.63,443.15,0.79,0.72,106.1,144.43,,,,,,,,,1.46,1.84,1.23,11.11,1.46,30,66.67,41.67,187.43,154.34,226.11,2.91,2.23,1.51,1.48,95.52,99.82,98.27,#DIV/0!,#DIV/0!,,,,,,,,,,15.57,11.04,19.56
高崎机场海关,37AK,201701-201705,c,1705,.,108.76,150.33,100.55,443.99,0.75,0.68,110.06,146.28,,,,,,,,,1.44,1.88,1.18,27.78,1.44,28.57,43.75,41.67,176.25,147.22,215.58,3.9,3.04,1.4,1.38,95.52,99.83,98.3,#DIV/0!,#DIV/0!,,,,,,,,,,16.01,11.47,20.29
驻同安办事处,37AL,201701-201701,c,1701,.,75.67,133.34,110.47,101.73,1.73,0.77,53.52,154.54,95.65,100,,,,,86.1,113.08,2.87,2.55,2.94,,2.87,.,.,.,249.87,326.6,287.65,.,.,0,.,99.68,99.82,97.67,#DIV/0!,#DIV/0!,,,,,,,,,,23.81,28.57,22.86
驻同安办事处,37AL,201701-201702,c,1702,.,69.44,122.46,124.66,100.5,1.5,0.54,88.85,146.74,98.08,98.18,,,,,89.6,106.91,2.64,3.01,2.55,,2.64,.,.,.,223.18,227.3,257.04,999,999,0,0,99.68,99.86,97.83,#DIV/0!,#DIV/0!,,,,,,,,,,21.43,18.75,22.22
驻同安办事处,37AL,201701-201703,c,1703,.,79.7,125.76,116.23,99.69,0.96,0.44,104.78,123.84,98.72,98.61,,,,,90.46,110.44,1.97,2.41,1.87,,1.97,.,.,.,246.68,255.76,273.38,.,999,0,0,99.46,99.91,98.31,#DIV/0!,#DIV/0!,,,,,,,,,,22.22,19.05,23.19
驻同安办事处,37AL,201701-201704,c,1704,.,81.7,124.19,122.84,91.99,0.96,0.57,103.08,132.3,98.84,98.85,,,,,90.03,121.55,2.04,2.43,1.95,,2.04,.,.,.,232.43,195.96,257.9,.,999,0,0,99.57,99.92,98.16,#DIV/0!,#DIV/0!,,,,,,,,,,21.43,18.18,22.37
驻同安办事处,37AL,201701-201705,c,1705,.,83.24,124.94,122.46,91.77,0.98,0.59,87.11,142.9,99.03,99.07,,,,,92.32,120,2.09,2.35,2.03,,2.09,.,.,.,235.01,199.61,258.49,.,999,0,0,99.65,99.88,98.2,#DIV/0!,#DIV/0!,,,,,,,,,,23.81,18.18,25.3
泉肖厝办,37AM,201701-201701,c,1701,.,105.07,115.34,108.27,.,2.63,0,.,.,.,.,,,,,.,.,2.17,2.44,.,,2.17,.,.,,161.25,158.11,,.,.,.,.,51.9,100,100,#DIV/0!,#DIV/0!,,,,,,,,,,0,0,.
泉肖厝办,37AM,201701-201702,c,1702,.,103.46,113.82,107.8,.,1.3,0,.,.,.,.,,,,,.,.,1.94,1.54,4,,1.94,.,.,.,185.16,185.16,.,.,.,.,.,53.54,100,100,#DIV/0!,#DIV/0!,,,,,,,,,,0,0,0
泉肖厝办,37AM,201701-201703,c,1703,.,103.38,117.47,106.78,.,1.94,0,.,.,.,.,,,,,.,.,2.53,2.59,2.27,,2.53,.,.,.,92.42,91.29,.,.,.,.,.,52.63,97.73,100,#DIV/0!,#DIV/0!,,,,,,,,,,16.67,20,0
泉肖厝办,37AM,201701-201704,c,1704,.,103.18,106.78,104.62,.,1.07,0.41,.,.,.,.,,,,,.,.,2.32,2.25,2.4,,2.32,.,.,.,136.74,83.45,.,.,.,.,.,55.3,99.52,100,#DIV/0!,#DIV/0!,,,,,,,,,,9.09,16.67,0
泉肖厝办,37AM,201701-201705,c,1705,.,103,107.17,104.64,.,1.15,0.22,.,.,.,.,,,,,.,.,2.11,2.47,1.73,,2.11,.,.,.,249.61,158.82,585.23,999,.,.,.,61.22,99.71,100,#DIV/0!,#DIV/0!,,,,,,,,,,13.33,22.22,0
泉晋江办,37AN,201701-201701,c,1701,.,97.53,106.05,138.49,99.69,5.31,0.51,95.92,71.4,100,88.89,,,,,107.31,103.3,3.81,9.37,2.63,0.49,4.09,.,.,0,235.55,251.84,234.77,999,0.57,0,999,83.44,99.3,99.12,#DIV/0!,#DIV/0!,,,,,,,,,,12.12,10.59,13.27
泉晋江办,37AN,201701-201702,c,1702,.,98.7,106.73,135.66,98.56,4.69,0.67,86.76,103.28,100,92,,,,,105.36,99.01,4.11,9.03,2.69,0.58,4.45,0,.,0,228.75,228.49,239.23,0.91,0.74,0.27,999,84.97,99.37,99.24,#DIV/0!,#DIV/0!,,,,,,,,,,12.19,8.28,15.95
泉晋江办,37AN,201701-201703,c,1703,.,99.03,105.95,137.26,115.62,2.89,0.68,83.75,400.56,100,93.75,,,,,94.86,99.95,4.83,9.91,3.48,0.57,5.26,14.29,.,28.57,183.37,191.64,183.82,1.25,2.4,0.28,999,83.82,99.46,99.41,#DIV/0!,#DIV/0!,,,,,,,,,,11.08,8.21,13.24
泉晋江办,37AN,201701-201704,c,1704,.,99.42,106.2,134.73,116.86,2.42,0.42,86.75,376.81,100,96,,,,,97.61,102.38,4.44,9.67,3.18,0.7,4.8,36.36,0,55.56,173.34,181.23,173.19,2.14,3.05,0.18,999,84.22,99.51,99.37,#DIV/0!,#DIV/0!,,,,,,,,,,11.42,8.79,13.36
泉晋江办,37AN,201701-201705,c,1705,.,98.6,106.91,132.17,117.36,2.54,0.43,87.41,393.32,98.7,95.45,,,,,98,99.73,4.37,10.07,3.09,0.75,4.69,25,33.33,36.36,167.17,171.08,167.76,1.41,3.86,0.3,999,84.19,99.53,99.33,#DIV/0!,#DIV/0!,,,,,,,,,,12.73,13.36,12.27
驻国际邮轮港办事处,37AO,201701-201701,c,1701,.,58.71,88.48,82.76,.,0,0,.,.,,,,,,,,,4.23,5.26,3.42,,4.23,.,.,.,296.44,.,354.96,.,999,.,.,98.21,98.63,99.61,#DIV/0!,#DIV/0!,,,,,,,,,,9.09,0,20
驻国际邮轮港办事处,37AO,201701-201702,c,1702,.,72.98,89.98,79.88,.,0,0,.,.,,,,,,,,,3.15,3.8,2.54,,3.15,.,.,.,305.27,.,327.87,.,999,.,.,94.94,98.98,98.67,#DIV/0!,#DIV/0!,,,,,,,,,,8.33,0,20
驻国际邮轮港办事处,37AO,201701-201703,c,1703,.,49.79,93.68,78.79,.,2.17,0.53,.,.,,,,,,,,,2.65,3.06,2.34,,2.65,.,.,.,302.38,.,314.69,.,999,.,.,92.83,99,97.51,#DIV/0!,#DIV/0!,,,,,,,,,,14.29,0,28.57
驻国际邮轮港办事处,37AO,201701-201704,c,1704,.,52.49,93.27,81.48,.,1,0.17,.,.,,,,,,,,,2.5,3.06,2.08,,2.5,.,.,.,290.35,.,286.16,.,999,.,.,93.38,99.31,96.93,#DIV/0!,#DIV/0!,,,,,,,,,,10.53,0,22.22
驻国际邮轮港办事处,37AO,201701-201705,c,1705,.,70.84,96.2,81.96,.,0.66,0.13,.,.,,,,,,,,,2.26,2.58,2.01,,2.26,.,.,.,319.5,591.61,318.5,.,999,.,.,92.63,99.5,96.56,#DIV/0!,#DIV/0!,,,,,,,,,,8.33,0,16.67
厦翔安办,37AP,201701-201701,c,1701,.,118,27.83,80.48,156.59,0.29,0.48,71.56,123.39,.,100,,,,,0,193.89,3.06,2.9,3.3,,3.06,50,0,.,206.36,428.97,154.52,999,999,0,.,89.1,96.81,97.32,#DIV/0!,#DIV/0!,,,,,,,,,,13.7,14.63,12.5
厦翔安办,37AP,201701-201702,c,1702,.,108.32,28.39,79.61,172.62,0.42,0.25,59.68,121.96,.,100,,,,,99.66,65.72,2.36,2.41,2.29,,2.36,14.29,50,50,138.47,176.14,168.02,0.47,999,1.49,.,92.16,97.37,97.45,#DIV/0!,#DIV/0!,,,,,,,,,,20.43,26.24,11.7
厦翔安办,37AP,201701-201703,c,1703,.,113.53,31.22,81.12,150.04,0.43,0.74,68.3,122.28,100,100,,,,,108.23,119.92,2.19,2.31,2,,2.19,45.45,25,60,124.42,172.76,151,0.89,999,1.24,.,93.49,97.98,97.58,#DIV/0!,#DIV/0!,,,,,,,,,,23.84,30.56,12.5
厦翔安办,37AP,201701-201704,c,1704,.,117.89,34.49,86.7,124.17,0.52,0.73,70.41,105.95,100,100,,,,,99.99,100.97,2.01,2.15,1.81,,2.01,25,40,20,127.13,180.69,141.97,0.92,999,1.81,.,93.34,98.5,97.69,#DIV/0!,#DIV/0!,,,,,,,,,,25.47,30.88,16.03
厦翔安办,37AP,201701-201705,c,1705,.,118.46,39.22,86.79,119.65,0.27,0.61,73.44,144.75,100,100,,,,,110.86,99.74,1.93,2.06,1.72,,1.93,35.71,33.33,20,123.23,167.21,140.87,0.79,999,2.5,.,92.04,98.87,97.98,#DIV/0!,#DIV/0!,,,,,,,,,,22.56,26.69,15.18
